[{"model": "admin.logentry", "pk": 1, "fields": {"action_time": "2024-11-24T02:54:23.238Z", "user": 1, "content_type": 7, "object_id": "1", "object_repr": "ITI", "action_flag": 1, "change_message": "[{\"added\": {}}]"}}, {"model": "admin.logentry", "pk": 2, "fields": {"action_time": "2024-11-24T02:54:28.137Z", "user": 1, "content_type": 7, "object_id": "2", "object_repr": "IBT", "action_flag": 1, "change_message": "[{\"added\": {}}]"}}, {"model": "admin.logentry", "pk": 3, "fields": {"action_time": "2024-11-24T02:55:22.183Z", "user": 1, "content_type": 8, "object_id": "AFSO221159", "object_repr": "Sandra Yareli Avila Flores", "action_flag": 1, "change_message": "[{\"added\": {}}]"}}, {"model": "admin.logentry", "pk": 4, "fields": {"action_time": "2024-11-24T02:55:26.758Z", "user": 1, "content_type": 8, "object_id": "AFSO221159", "object_repr": "Sandra Yareli Avila Flores", "action_flag": 2, "change_message": "[]"}}, {"model": "admin.logentry", "pk": 5, "fields": {"action_time": "2024-11-24T02:56:14.969Z", "user": 1, "content_type": 8, "object_id": "RSCO220050", "object_repr": "Carlos Joan Rosas Sanchez", "action_flag": 1, "change_message": "[{\"added\": {}}]"}}, {"model": "admin.logentry", "pk": 6, "fields": {"action_time": "2024-11-24T02:56:45.826Z", "user": 1, "content_type": 9, "object_id": "1", "object_repr": "Ingenieria en Sistemas", "action_flag": 1, "change_message": "[{\"added\": {}}]"}}, {"model": "admin.logentry", "pk": 7, "fields": {"action_time": "2024-11-24T02:56:54.064Z", "user": 1, "content_type": 9, "object_id": "2", "object_repr": "Ingenieria en Biotecnologia", "action_flag": 1, "change_message": "[{\"added\": {}}]"}}, {"model": "admin.logentry", "pk": 8, "fields": {"action_time": "2024-11-24T02:57:54.981Z", "user": 1, "content_type": 10, "object_id": "1", "object_repr": "Oto?o", "action_flag": 1, "change_message": "[{\"added\": {}}]"}}, {"model": "admin.logentry", "pk": 9, "fields": {"action_time": "2024-11-24T02:58:05.599Z", "user": 1, "content_type": 10, "object_id": "2", "object_repr": "Primavera", "action_flag": 1, "change_message": "[{\"added\": {}}]"}}, {"model": "admin.logentry", "pk": 10, "fields": {"action_time": "2024-11-24T02:58:14.869Z", "user": 1, "content_type": 10, "object_id": "3", "object_repr": "Verano", "action_flag": 1, "change_message": "[{\"added\": {}}]"}}, {"model": "admin.logentry", "pk": 11, "fields": {"action_time": "2024-11-24T02:58:39.726Z", "user": 1, "content_type": 16, "object_id": "PRW", "object_repr": "Programacion Web", "action_flag": 1, "change_message": "[{\"added\": {}}]"}}, {"model": "admin.logentry", "pk": 12, "fields": {"action_time": "2024-11-24T02:59:32.976Z", "user": 1, "content_type": 16, "object_id": "BIP", "object_repr": "Bioprocesos", "action_flag": 1, "change_message": "[{\"added\": {}}]"}}, {"model": "admin.logentry", "pk": 13, "fields": {"action_time": "2024-11-24T03:03:23.738Z", "user": 1, "content_type": 12, "object_id": "BMEO210148", "object_repr": "Evelyn Roc?o Bueno Mart?nez", "action_flag": 1, "change_message": "[{\"added\": {}}]"}}, {"model": "admin.logentry", "pk": 14, "fields": {"action_time": "2024-11-24T03:04:26.896Z", "user": 1, "content_type": 12, "object_id": "CMMO211923", "object_repr": "Miguel Castillo Medran", "action_flag": 1, "change_message": "[{\"added\": {}}]"}}, {"model": "admin.logentry", "pk": 15, "fields": {"action_time": "2024-11-24T03:05:48.366Z", "user": 1, "content_type": 17, "object_id": "GTAO220386", "object_repr": "Anayeli Guzm?n Trinidad", "action_flag": 1, "change_message": "[{\"added\": {}}]"}}, {"model": "admin.logentry", "pk": 16, "fields": {"action_time": "2024-11-24T03:06:45.707Z", "user": 1, "content_type": 17, "object_id": "VOGO220141", "object_repr": "Giovanni Daniel Vicera Ortega", "action_flag": 1, "change_message": "[{\"added\": {}}]"}}, {"model": "admin.logentry", "pk": 17, "fields": {"action_time": "2024-11-24T03:07:26.791Z", "user": 1, "content_type": 13, "object_id": "PRD", "object_repr": "PRD", "action_flag": 1, "change_message": "[{\"added\": {}}]"}}, {"model": "admin.logentry", "pk": 18, "fields": {"action_time": "2024-11-24T03:07:51.407Z", "user": 1, "content_type": 13, "object_id": "BIP", "object_repr": "BIP", "action_flag": 1, "change_message": "[{\"added\": {}}]"}}, {"model": "admin.logentry", "pk": 19, "fields": {"action_time": "2024-11-24T03:07:59.195Z", "user": 1, "content_type": 14, "object_id": "1", "object_repr": "Clase BIP - Alumno BMEO210148", "action_flag": 1, "change_message": "[{\"added\": {}}]"}}, {"model": "admin.logentry", "pk": 20, "fields": {"action_time": "2024-11-24T03:08:05.187Z", "user": 1, "content_type": 14, "object_id": "2", "object_repr": "Clase PRD - Alumno CMMO211923", "action_flag": 1, "change_message": "[{\"added\": {}}]"}}, {"model": "admin.logentry", "pk": 21, "fields": {"action_time": "2024-11-24T03:08:36.614Z", "user": 1, "content_type": 15, "object_id": "1", "object_repr": "Lista 1 - 2024-11-24", "action_flag": 1, "change_message": "[{\"added\": {}}]"}}, {"model": "admin.logentry", "pk": 22, "fields": {"action_time": "2024-11-24T03:08:44.019Z", "user": 1, "content_type": 15, "object_id": "2", "object_repr": "Lista 2 - 2024-11-24", "action_flag": 1, "change_message": "[{\"added\": {}}]"}}, {"model": "admin.logentry", "pk": 23, "fields": {"action_time": "2024-11-24T03:09:00.299Z", "user": 1, "content_type": 19, "object_id": "1", "object_repr": "Lista 1 - ClaseAlumno 1", "action_flag": 1, "change_message": "[{\"added\": {}}]"}}, {"model": "admin.logentry", "pk": 24, "fields": {"action_time": "2024-11-24T03:09:10.104Z", "user": 1, "content_type": 19, "object_id": "2", "object_repr": "Lista 2 - ClaseAlumno 2", "action_flag": 1, "change_message": "[{\"added\": {}}]"}}, {"model": "admin.logentry", "pk": 25, "fields": {"action_time": "2024-11-24T03:09:32.571Z", "user": 1, "content_type": 18, "object_id": "1", "object_repr": "Justificante 1 - Revisado", "action_flag": 1, "change_message": "[{\"added\": {}}]"}}, {"model": "admin.logentry", "pk": 26, "fields": {"action_time": "2024-11-24T03:09:43.319Z", "user": 1, "content_type": 18, "object_id": "2", "object_repr": "Justificante 2 - Pendiente", "action_flag": 1, "change_message": "[{\"added\": {}}]"}}, {"model": "admin.logentry", "pk": 27, "fields": {"action_time": "2024-11-24T17:27:01.922Z", "user": 1, "content_type": 8, "object_id": "AFSO221159", "object_repr": "Sandra Yareli Avila Flores", "action_flag": 2, "change_message": "[]"}}, {"model": "admin.logentry", "pk": 28, "fields": {"action_time": "2024-11-26T10:22:03.324Z", "user": 1, "content_type": 17, "object_id": "VOGO220141", "object_repr": "Giovanni Daniel Vicera Ortega", "action_flag": 2, "change_message": "[]"}}, {"model": "admin.logentry", "pk": 29, "fields": {"action_time": "2024-11-26T10:22:21.303Z", "user": 1, "content_type": 17, "object_id": "VOGO220141", "object_repr": "Giovanni Daniel Vicera Ortega", "action_flag": 2, "change_message": "[]"}}, {"model": "admin.logentry", "pk": 30, "fields": {"action_time": "2024-11-26T10:22:24.391Z", "user": 1, "content_type": 17, "object_id": "GTAO220386", "object_repr": "Anayeli Guzm?n Trinidad", "action_flag": 2, "change_message": "[]"}}, {"model": "admin.logentry", "pk": 31, "fields": {"action_time": "2024-11-26T10:22:38.760Z", "user": 1, "content_type": 17, "object_id": "VOGO220141", "object_repr": "Giovanni Daniel Vicera Ortega", "action_flag": 2, "change_message": "[{\"changed\": {\"fields\": [\"Estado\"]}}]"}}, {"model": "admin.logentry", "pk": 32, "fields": {"action_time": "2024-11-26T10:22:52.586Z", "user": 1, "content_type": 17, "object_id": "VOGO220141", "object_repr": "Giovanni Daniel Vicera Ortega", "action_flag": 2, "change_message": "[{\"changed\": {\"fields\": [\"Estado\"]}}]"}}, {"model": "admin.logentry", "pk": 33, "fields": {"action_time": "2024-11-26T10:25:18.639Z", "user": 1, "content_type": 17, "object_id": "VOGO220141", "object_repr": "Giovanni Daniel Vicera Ortega", "action_flag": 2, "change_message": "[]"}}, {"model": "admin.logentry", "pk": 34, "fields": {"action_time": "2024-11-26T10:26:10.040Z", "user": 1, "content_type": 17, "object_id": "GTAO220386", "object_repr": "Anayeli Guzm?n Trinidad", "action_flag": 2, "change_message": "[]"}}, {"model": "admin.logentry", "pk": 35, "fields": {"action_time": "2024-11-26T10:26:24.861Z", "user": 1, "content_type": 17, "object_id": "VOGO220141", "object_repr": "Giovanni Daniel Vicera Ortega", "action_flag": 2, "change_message": "[{\"changed\": {\"fields\": [\"Estado\"]}}]"}}, {"model": "admin.logentry", "pk": 36, "fields": {"action_time": "2024-11-26T16:36:19.502Z", "user": 1, "content_type": 14, "object_id": "2", "object_repr": "Clase PRD - Alumno CMMO211923", "action_flag": 2, "change_message": "[]"}}, {"model": "admin.logentry", "pk": 37, "fields": {"action_time": "2024-11-26T16:40:40.780Z", "user": 1, "content_type": 18, "object_id": "2", "object_repr": "Justificante 2 - Pendiente", "action_flag": 2, "change_message": "[]"}}, {"model": "admin.logentry", "pk": 38, "fields": {"action_time": "2024-11-26T22:23:32.629Z", "user": 1, "content_type": 17, "object_id": "VOGO220141", "object_repr": "Giovanni Daniel Vicera Ortega", "action_flag": 2, "change_message": "[{\"changed\": {\"fields\": [\"Estado\"]}}]"}}, {"model": "admin.logentry", "pk": 39, "fields": {"action_time": "2024-11-27T00:50:03.837Z", "user": 1, "content_type": 12, "object_id": "CMMO211923", "object_repr": "Miguel Castillo Medran", "action_flag": 2, "change_message": "[{\"changed\": {\"fields\": [\"Estado\"]}}]"}}, {"model": "admin.logentry", "pk": 40, "fields": {"action_time": "2024-11-27T00:51:03.833Z", "user": 1, "content_type": 12, "object_id": "CMMO211923", "object_repr": "Miguel Castillo Medran", "action_flag": 2, "change_message": "[]"}}, {"model": "admin.logentry", "pk": 41, "fields": {"action_time": "2024-11-27T05:34:54.824Z", "user": 1, "content_type": 14, "object_id": "2", "object_repr": "Clase PRD - Alumno CMMO211923", "action_flag": 2, "change_message": "[]"}}, {"model": "admin.logentry", "pk": 42, "fields": {"action_time": "2024-11-27T05:35:37.638Z", "user": 1, "content_type": 14, "object_id": "2", "object_repr": "Clase PRD - Alumno CMMO211923", "action_flag": 2, "change_message": "[]"}}, {"model": "admin.logentry", "pk": 43, "fields": {"action_time": "2024-11-27T05:35:52.742Z", "user": 1, "content_type": 13, "object_id": "POO", "object_repr": "POO", "action_flag": 2, "change_message": "[]"}}, {"model": "admin.logentry", "pk": 44, "fields": {"action_time": "2024-11-27T10:05:18.379Z", "user": 1, "content_type": 14, "object_id": "3", "object_repr": "Clase POO - Alumno BMEO210148", "action_flag": 2, "change_message": "[]"}}, {"model": "admin.logentry", "pk": 45, "fields": {"action_time": "2024-11-27T10:39:48.001Z", "user": 1, "content_type": 15, "object_id": "2", "object_repr": "Lista 2 - 2024-11-24", "action_flag": 2, "change_message": "[]"}}, {"model": "admin.logentry", "pk": 46, "fields": {"action_time": "2024-11-27T10:39:52.754Z", "user": 1, "content_type": 15, "object_id": "1", "object_repr": "Lista 1 - 2024-11-24", "action_flag": 2, "change_message": "[]"}}, {"model": "admin.logentry", "pk": 47, "fields": {"action_time": "2024-11-27T10:40:00.814Z", "user": 1, "content_type": 19, "object_id": "2", "object_repr": "Lista 2 - ClaseAlumno 2", "action_flag": 2, "change_message": "[]"}}, {"model": "admin.logentry", "pk": 48, "fields": {"action_time": "2024-11-27T10:52:22.441Z", "user": 1, "content_type": 19, "object_id": "2", "object_repr": "Lista 2 - ClaseAlumno 2", "action_flag": 2, "change_message": "[]"}}, {"model": "admin.logentry", "pk": 49, "fields": {"action_time": "2024-11-27T10:54:49.182Z", "user": 1, "content_type": 15, "object_id": "3", "object_repr": "Lista 3 - 2024-11-24", "action_flag": 1, "change_message": "[{\"added\": {}}]"}}, {"model": "admin.logentry", "pk": 50, "fields": {"action_time": "2024-11-27T10:55:00.461Z", "user": 1, "content_type": 19, "object_id": "3", "object_repr": "Lista 3 - ClaseAlumno 3", "action_flag": 1, "change_message": "[{\"added\": {}}]"}}, {"model": "admin.logentry", "pk": 51, "fields": {"action_time": "2024-11-27T11:18:59.132Z", "user": 1, "content_type": 18, "object_id": "3", "object_repr": "Justificante 3 - Pendiente", "action_flag": 2, "change_message": "[]"}}, {"model": "admin.logentry", "pk": 52, "fields": {"action_time": "2024-11-27T11:19:03.726Z", "user": 1, "content_type": 18, "object_id": "4", "object_repr": "Justificante 4 - Revisado", "action_flag": 2, "change_message": "[]"}}, {"model": "admin.logentry", "pk": 53, "fields": {"action_time": "2024-11-27T11:23:14.060Z", "user": 1, "content_type": 18, "object_id": "5", "object_repr": "Justificante 5 - Pendiente", "action_flag": 2, "change_message": "[]"}}, {"model": "admin.logentry", "pk": 54, "fields": {"action_time": "2024-11-27T12:30:22.515Z", "user": 1, "content_type": 15, "object_id": "3", "object_repr": "Lista 3 - 2024-11-24", "action_flag": 2, "change_message": "[]"}}, {"model": "admin.logentry", "pk": 55, "fields": {"action_time": "2024-11-27T23:48:40.496Z", "user": 1, "content_type": 12, "object_id": "RSCO220050", "object_repr": "Carlos Joan Rosas Sanchez", "action_flag": 2, "change_message": "[{\"changed\": {\"fields\": [\"Estado\", \"Cbiometrico\"]}}]"}}, {"model": "admin.logentry", "pk": 56, "fields": {"action_time": "2024-11-27T23:49:45.845Z", "user": 1, "content_type": 11, "object_id": "rsco220050@upemor.edu.mx", "object_repr": "rsco220050@upemor.edu.mx", "action_flag": 2, "change_message": "[{\"changed\": {\"fields\": [\"Estado\"]}}]"}}, {"model": "admin.logentry", "pk": 57, "fields": {"action_time": "2024-11-27T23:50:00.182Z", "user": 1, "content_type": 11, "object_id": "vogo220141@upemor.edu.mx", "object_repr": "vogo220141@upemor.edu.mx", "action_flag": 2, "change_message": "[{\"changed\": {\"fields\": [\"Estado\"]}}]"}}, {"model": "admin.logentry", "pk": 58, "fields": {"action_time": "2024-11-27T23:50:49.685Z", "user": 1, "content_type": 12, "object_id": "RSCO220050", "object_repr": "Carlos Joan Rosas Sanchez", "action_flag": 2, "change_message": "[{\"changed\": {\"fields\": [\"Contrasenia\"]}}]"}}, {"model": "admin.logentry", "pk": 59, "fields": {"action_time": "2024-11-27T23:51:22.089Z", "user": 1, "content_type": 11, "object_id": "rsco220050@upemor.edu.mx", "object_repr": "rsco220050@upemor.edu.mx", "action_flag": 3, "change_message": ""}}, {"model": "admin.logentry", "pk": 60, "fields": {"action_time": "2024-11-27T23:51:31.685Z", "user": 1, "content_type": 12, "object_id": "RSCO220050", "object_repr": "Carlos Joan Rosas Sanchez", "action_flag": 3, "change_message": ""}}, {"model": "admin.logentry", "pk": 61, "fields": {"action_time": "2024-11-27T23:52:51.135Z", "user": 1, "content_type": 11, "object_id": "rsco220050@upemor.edu.mx", "object_repr": "rsco220050@upemor.edu.mx", "action_flag": 2, "change_message": "[{\"changed\": {\"fields\": [\"Estado\"]}}]"}}, {"model": "admin.logentry", "pk": 62, "fields": {"action_time": "2024-11-27T23:53:09.797Z", "user": 1, "content_type": 12, "object_id": "RSCO220050", "object_repr": "Carlos Joan Rosas Sanchez", "action_flag": 2, "change_message": "[{\"changed\": {\"fields\": [\"Estado\", \"Cbiometrico\"]}}]"}}, {"model": "admin.logentry", "pk": 63, "fields": {"action_time": "2024-11-28T01:16:34.047Z", "user": 1, "content_type": 15, "object_id": "3", "object_repr": "Lista 3 - 2024-11-24", "action_flag": 2, "change_message": "[]"}}, {"model": "admin.logentry", "pk": 64, "fields": {"action_time": "2024-11-28T09:25:24.541Z", "user": 1, "content_type": 15, "object_id": "3", "object_repr": "Lista 3 - 2024-11-24", "action_flag": 2, "change_message": "[]"}}, {"model": "admin.logentry", "pk": 65, "fields": {"action_time": "2024-12-02T16:51:38.050Z", "user": 1, "content_type": 8, "object_id": "18122024", "object_repr": "Joan Rosas Flores", "action_flag": 2, "change_message": "[]"}}, {"model": "admin.logentry", "pk": 66, "fields": {"action_time": "2024-12-02T16:52:40.006Z", "user": 1, "content_type": 8, "object_id": "AFSO221159", "object_repr": "Sandra Yareli Avila Flores", "action_flag": 2, "change_message": "[]"}}, {"model": "admin.logentry", "pk": 67, "fields": {"action_time": "2024-12-02T16:52:50.379Z", "user": 1, "content_type": 17, "object_id": "4758", "object_repr": "Juan Gonzales Marques", "action_flag": 3, "change_message": ""}}, {"model": "admin.logentry", "pk": 68, "fields": {"action_time": "2024-12-02T16:52:57.899Z", "user": 1, "content_type": 11, "object_id": "soto@ejemplo.com", "object_repr": "soto@ejemplo.com", "action_flag": 3, "change_message": ""}}, {"model": "admin.logentry", "pk": 69, "fields": {"action_time": "2024-12-02T16:53:03.078Z", "user": 1, "content_type": 11, "object_id": "David@ejemplo.com", "object_repr": "David@ejemplo.com", "action_flag": 3, "change_message": ""}}, {"model": "admin.logentry", "pk": 70, "fields": {"action_time": "2024-12-02T16:53:40.474Z", "user": 1, "content_type": 11, "object_id": "vogo220141@upemor.edu.mx", "object_repr": "vogo220141@upemor.edu.mx", "action_flag": 2, "change_message": "[]"}}, {"model": "admin.logentry", "pk": 71, "fields": {"action_time": "2024-12-02T16:53:51.883Z", "user": 1, "content_type": 11, "object_id": "vogo220141@upemor.edu.mx", "object_repr": "vogo220141@upemor.edu.mx", "action_flag": 2, "change_message": "[]"}}, {"model": "auth.permission", "pk": 1, "fields": {"name": "Can add log entry", "content_type": 1, "codename": "add_logentry"}}, {"model": "auth.permission", "pk": 2, "fields": {"name": "Can change log entry", "content_type": 1, "codename": "change_logentry"}}, {"model": "auth.permission", "pk": 3, "fields": {"name": "Can delete log entry", "content_type": 1, "codename": "delete_logentry"}}, {"model": "auth.permission", "pk": 4, "fields": {"name": "Can view log entry", "content_type": 1, "codename": "view_logentry"}}, {"model": "auth.permission", "pk": 5, "fields": {"name": "Can add permission", "content_type": 2, "codename": "add_permission"}}, {"model": "auth.permission", "pk": 6, "fields": {"name": "Can change permission", "content_type": 2, "codename": "change_permission"}}, {"model": "auth.permission", "pk": 7, "fields": {"name": "Can delete permission", "content_type": 2, "codename": "delete_permission"}}, {"model": "auth.permission", "pk": 8, "fields": {"name": "Can view permission", "content_type": 2, "codename": "view_permission"}}, {"model": "auth.permission", "pk": 9, "fields": {"name": "Can add group", "content_type": 3, "codename": "add_group"}}, {"model": "auth.permission", "pk": 10, "fields": {"name": "Can change group", "content_type": 3, "codename": "change_group"}}, {"model": "auth.permission", "pk": 11, "fields": {"name": "Can delete group", "content_type": 3, "codename": "delete_group"}}, {"model": "auth.permission", "pk": 12, "fields": {"name": "Can view group", "content_type": 3, "codename": "view_group"}}, {"model": "auth.permission", "pk": 13, "fields": {"name": "Can add user", "content_type": 4, "codename": "add_user"}}, {"model": "auth.permission", "pk": 14, "fields": {"name": "Can change user", "content_type": 4, "codename": "change_user"}}, {"model": "auth.permission", "pk": 15, "fields": {"name": "Can delete user", "content_type": 4, "codename": "delete_user"}}, {"model": "auth.permission", "pk": 16, "fields": {"name": "Can view user", "content_type": 4, "codename": "view_user"}}, {"model": "auth.permission", "pk": 17, "fields": {"name": "Can add content type", "content_type": 5, "codename": "add_contenttype"}}, {"model": "auth.permission", "pk": 18, "fields": {"name": "Can change content type", "content_type": 5, "codename": "change_contenttype"}}, {"model": "auth.permission", "pk": 19, "fields": {"name": "Can delete content type", "content_type": 5, "codename": "delete_contenttype"}}, {"model": "auth.permission", "pk": 20, "fields": {"name": "Can view content type", "content_type": 5, "codename": "view_contenttype"}}, {"model": "auth.permission", "pk": 21, "fields": {"name": "Can add session", "content_type": 6, "codename": "add_session"}}, {"model": "auth.permission", "pk": 22, "fields": {"name": "Can change session", "content_type": 6, "codename": "change_session"}}, {"model": "auth.permission", "pk": 23, "fields": {"name": "Can delete session", "content_type": 6, "codename": "delete_session"}}, {"model": "auth.permission", "pk": 24, "fields": {"name": "Can view session", "content_type": 6, "codename": "view_session"}}, {"model": "auth.permission", "pk": 25, "fields": {"name": "Can add academia", "content_type": 7, "codename": "add_academia"}}, {"model": "auth.permission", "pk": 26, "fields": {"name": "Can change academia", "content_type": 7, "codename": "change_academia"}}, {"model": "auth.permission", "pk": 27, "fields": {"name": "Can delete academia", "content_type": 7, "codename": "delete_academia"}}, {"model": "auth.permission", "pk": 28, "fields": {"name": "Can view academia", "content_type": 7, "codename": "view_academia"}}, {"model": "auth.permission", "pk": 29, "fields": {"name": "Can add administrador", "content_type": 8, "codename": "add_administrador"}}, {"model": "auth.permission", "pk": 30, "fields": {"name": "Can change administrador", "content_type": 8, "codename": "change_administrador"}}, {"model": "auth.permission", "pk": 31, "fields": {"name": "Can delete administrador", "content_type": 8, "codename": "delete_administrador"}}, {"model": "auth.permission", "pk": 32, "fields": {"name": "Can view administrador", "content_type": 8, "codename": "view_administrador"}}, {"model": "auth.permission", "pk": 33, "fields": {"name": "Can add carrera", "content_type": 9, "codename": "add_carrera"}}, {"model": "auth.permission", "pk": 34, "fields": {"name": "Can change carrera", "content_type": 9, "codename": "change_carrera"}}, {"model": "auth.permission", "pk": 35, "fields": {"name": "Can delete carrera", "content_type": 9, "codename": "delete_carrera"}}, {"model": "auth.permission", "pk": 36, "fields": {"name": "Can view carrera", "content_type": 9, "codename": "view_carrera"}}, {"model": "auth.permission", "pk": 37, "fields": {"name": "Can add periodo", "content_type": 10, "codename": "add_periodo"}}, {"model": "auth.permission", "pk": 38, "fields": {"name": "Can change periodo", "content_type": 10, "codename": "change_periodo"}}, {"model": "auth.permission", "pk": 39, "fields": {"name": "Can delete periodo", "content_type": 10, "codename": "delete_periodo"}}, {"model": "auth.permission", "pk": 40, "fields": {"name": "Can view periodo", "content_type": 10, "codename": "view_periodo"}}, {"model": "auth.permission", "pk": 41, "fields": {"name": "Can add usuario", "content_type": 11, "codename": "add_usuario"}}, {"model": "auth.permission", "pk": 42, "fields": {"name": "Can change usuario", "content_type": 11, "codename": "change_usuario"}}, {"model": "auth.permission", "pk": 43, "fields": {"name": "Can delete usuario", "content_type": 11, "codename": "delete_usuario"}}, {"model": "auth.permission", "pk": 44, "fields": {"name": "Can view usuario", "content_type": 11, "codename": "view_usuario"}}, {"model": "auth.permission", "pk": 45, "fields": {"name": "Can add alumno", "content_type": 12, "codename": "add_alumno"}}, {"model": "auth.permission", "pk": 46, "fields": {"name": "Can change alumno", "content_type": 12, "codename": "change_alumno"}}, {"model": "auth.permission", "pk": 47, "fields": {"name": "Can delete alumno", "content_type": 12, "codename": "delete_alumno"}}, {"model": "auth.permission", "pk": 48, "fields": {"name": "Can view alumno", "content_type": 12, "codename": "view_alumno"}}, {"model": "auth.permission", "pk": 49, "fields": {"name": "Can add clase", "content_type": 13, "codename": "add_clase"}}, {"model": "auth.permission", "pk": 50, "fields": {"name": "Can change clase", "content_type": 13, "codename": "change_clase"}}, {"model": "auth.permission", "pk": 51, "fields": {"name": "Can delete clase", "content_type": 13, "codename": "delete_clase"}}, {"model": "auth.permission", "pk": 52, "fields": {"name": "Can view clase", "content_type": 13, "codename": "view_clase"}}, {"model": "auth.permission", "pk": 53, "fields": {"name": "Can add clase alumno", "content_type": 14, "codename": "add_clasealumno"}}, {"model": "auth.permission", "pk": 54, "fields": {"name": "Can change clase alumno", "content_type": 14, "codename": "change_clasealumno"}}, {"model": "auth.permission", "pk": 55, "fields": {"name": "Can delete clase alumno", "content_type": 14, "codename": "delete_clasealumno"}}, {"model": "auth.permission", "pk": 56, "fields": {"name": "Can view clase alumno", "content_type": 14, "codename": "view_clasealumno"}}, {"model": "auth.permission", "pk": 57, "fields": {"name": "Can add lista asistencia", "content_type": 15, "codename": "add_listaasistencia"}}, {"model": "auth.permission", "pk": 58, "fields": {"name": "Can change lista asistencia", "content_type": 15, "codename": "change_listaasistencia"}}, {"model": "auth.permission", "pk": 59, "fields": {"name": "Can delete lista asistencia", "content_type": 15, "codename": "delete_listaasistencia"}}, {"model": "auth.permission", "pk": 60, "fields": {"name": "Can view lista asistencia", "content_type": 15, "codename": "view_listaasistencia"}}, {"model": "auth.permission", "pk": 61, "fields": {"name": "Can add materia", "content_type": 16, "codename": "add_materia"}}, {"model": "auth.permission", "pk": 62, "fields": {"name": "Can change materia", "content_type": 16, "codename": "change_materia"}}, {"model": "auth.permission", "pk": 63, "fields": {"name": "Can delete materia", "content_type": 16, "codename": "delete_materia"}}, {"model": "auth.permission", "pk": 64, "fields": {"name": "Can view materia", "content_type": 16, "codename": "view_materia"}}, {"model": "auth.permission", "pk": 65, "fields": {"name": "Can add profesor", "content_type": 17, "codename": "add_profesor"}}, {"model": "auth.permission", "pk": 66, "fields": {"name": "Can change profesor", "content_type": 17, "codename": "change_profesor"}}, {"model": "auth.permission", "pk": 67, "fields": {"name": "Can delete profesor", "content_type": 17, "codename": "delete_profesor"}}, {"model": "auth.permission", "pk": 68, "fields": {"name": "Can view profesor", "content_type": 17, "codename": "view_profesor"}}, {"model": "auth.permission", "pk": 69, "fields": {"name": "Can add justificante", "content_type": 18, "codename": "add_justificante"}}, {"model": "auth.permission", "pk": 70, "fields": {"name": "Can change justificante", "content_type": 18, "codename": "change_justificante"}}, {"model": "auth.permission", "pk": 71, "fields": {"name": "Can delete justificante", "content_type": 18, "codename": "delete_justificante"}}, {"model": "auth.permission", "pk": 72, "fields": {"name": "Can view justificante", "content_type": 18, "codename": "view_justificante"}}, {"model": "auth.permission", "pk": 73, "fields": {"name": "Can add alumno lista", "content_type": 19, "codename": "add_alumnolista"}}, {"model": "auth.permission", "pk": 74, "fields": {"name": "Can change alumno lista", "content_type": 19, "codename": "change_alumnolista"}}, {"model": "auth.permission", "pk": 75, "fields": {"name": "Can delete alumno lista", "content_type": 19, "codename": "delete_alumnolista"}}, {"model": "auth.permission", "pk": 76, "fields": {"name": "Can view alumno lista", "content_type": 19, "codename": "view_alumnolista"}}, {"model": "auth.permission", "pk": 77, "fields": {"name": "Can add foto", "content_type": 20, "codename": "add_foto"}}, {"model": "auth.permission", "pk": 78, "fields": {"name": "Can change foto", "content_type": 20, "codename": "change_foto"}}, {"model": "auth.permission", "pk": 79, "fields": {"name": "Can delete foto", "content_type": 20, "codename": "delete_foto"}}, {"model": "auth.permission", "pk": 80, "fields": {"name": "Can view foto", "content_type": 20, "codename": "view_foto"}}, {"model": "auth.user", "pk": 1, "fields": {"password": "pbkdf2_sha256$870000$IM6V0WSncDpDjYmE2HDXaU$Ye6s6tBWjIwcMa/IsIhLuzMfwkhylcIFrZI/8GlXqfM=", "last_login": "2024-12-04T07:20:16.435Z", "is_superuser": true, "username": "Jhoan", "first_name": "", "last_name": "", "email": "rcarlosjhoan74@gmail.com", "is_staff": true, "is_active": true, "date_joined": "2024-12-04T07:19:28.692Z", "groups": [], "user_permissions": []}}, {"model": "contenttypes.contenttype", "pk": 1, "fields": {"app_label": "admin", "model": "logentry"}}, {"model": "contenttypes.contenttype", "pk": 2, "fields": {"app_label": "auth", "model": "permission"}}, {"model": "contenttypes.contenttype", "pk": 3, "fields": {"app_label": "auth", "model": "group"}}, {"model": "contenttypes.contenttype", "pk": 4, "fields": {"app_label": "auth", "model": "user"}}, {"model": "contenttypes.contenttype", "pk": 5, "fields": {"app_label": "contenttypes", "model": "contenttype"}}, {"model": "contenttypes.contenttype", "pk": 6, "fields": {"app_label": "sessions", "model": "session"}}, {"model": "contenttypes.contenttype", "pk": 7, "fields": {"app_label": "core", "model": "academia"}}, {"model": "contenttypes.contenttype", "pk": 8, "fields": {"app_label": "core", "model": "administrador"}}, {"model": "contenttypes.contenttype", "pk": 9, "fields": {"app_label": "core", "model": "carrera"}}, {"model": "contenttypes.contenttype", "pk": 10, "fields": {"app_label": "core", "model": "periodo"}}, {"model": "contenttypes.contenttype", "pk": 11, "fields": {"app_label": "core", "model": "usuario"}}, {"model": "contenttypes.contenttype", "pk": 12, "fields": {"app_label": "core", "model": "alumno"}}, {"model": "contenttypes.contenttype", "pk": 13, "fields": {"app_label": "core", "model": "clase"}}, {"model": "contenttypes.contenttype", "pk": 14, "fields": {"app_label": "core", "model": "clasealumno"}}, {"model": "contenttypes.contenttype", "pk": 15, "fields": {"app_label": "core", "model": "listaasistencia"}}, {"model": "contenttypes.contenttype", "pk": 16, "fields": {"app_label": "core", "model": "materia"}}, {"model": "contenttypes.contenttype", "pk": 17, "fields": {"app_label": "core", "model": "profesor"}}, {"model": "contenttypes.contenttype", "pk": 18, "fields": {"app_label": "core", "model": "justificante"}}, {"model": "contenttypes.contenttype", "pk": 19, "fields": {"app_label": "core", "model": "alumnolista"}}, {"model": "contenttypes.contenttype", "pk": 20, "fields": {"app_label": "core", "model": "foto"}}, {"model": "sessions.session", "pk": "avzb764pt1j5993zg0n7so8j7ibqs7i0", "fields": {"session_data": "eyJjb3JyZW8iOiJhZnNvMjIxMTU5QHVwZW1vci5lZHUubXgiLCJyYW5nbyI6IkFkbWluaXN0cmFkb3IifQ:1tIj7n:TKY8eDPyEUEKA222YCnYOuS-kJU3FxNIOjbWMNkGopI", "expire_date": "2024-12-18T06:44:39.584Z"}}, {"model": "sessions.session", "pk": "cq2tc1l2daezmbrrfdwwcu0a9vdl6h16", "fields": {"session_data": ".eJxVjEEOwiAQAP_C2RBhgYJH776BLMsiVUOT0p6MfzckPeh1ZjJvEXHfatw7r3HO4iKUOP2yhPTkNkR-YLsvkpa2rXOSI5GH7fK2ZH5dj_ZvULHXsQ3GWMj2XLQGBipIBpV2FAJPmLQH8I6cAkiOCSdrgkIPxXmnPFASny_LYTdE:1tIjgG:uPdzZ607lcymywtYq1o0vHrstWZQSPpY9E8tLwGeozo", "expire_date": "2024-12-18T07:20:16.439Z"}}, {"model": "sessions.session", "pk": "ssamj3hvjftl59zlm0fxd91nztkx3wy2", "fields": {"session_data": ".eJxVjEEOwiAQRe_C2hCglSku3fcMzQwzSNVAUtqV8e7apAvd_vfef6kJtzVPW5NlmlldlFWn340wPqTsgO9YblXHWtZlJr0r-qBNj5XleT3cv4OMLX9rYMIg1gFiABI0YL1PiQC591EgpJ6spM446Fwww2C9BEeU_NlxtKDeHwCYODw:1tGH6s:DW4WkScub-lMx6yPHNw1uwr5I7LMrXQ-8zkVTOaYNX0", "expire_date": "2024-12-11T12:25:34.937Z"}}, {"model": "core.usuario", "pk": "afso221159@upemor.edu.mx", "fields": {"contrasenia": "AFSO221159", "estado": true, "rango": "Administrador"}}, {"model": "core.usuario", "pk": "bmeo210148@upemor.edu.mx", "fields": {"contrasenia": "BMEO210148", "estado": true, "rango": "Alumno"}}, {"model": "core.usuario", "pk": "cmmo211923@upemor.edu.mx", "fields": {"contrasenia": "CMMO211923", "estado": false, "rango": "Alumno"}}, {"model": "core.usuario", "pk": "gtao220386@upemor.edu.mx", "fields": {"contrasenia": "GTAO220386", "estado": true, "rango": "Profesor"}}, {"model": "core.usuario", "pk": "rsco220050@upemor.edu.mx", "fields": {"contrasenia": "ROSCOP1311", "estado": true, "rango": "Alumno"}}, {"model": "core.usuario", "pk": "vogo220141@upemor.edu.mx", "fields": {"contrasenia": "VOGO220141", "estado": false, "rango": "Profesor"}}, {"model": "core.carrera", "pk": 1, "fields": {"nombre": "Ingenieria en Sistemas", "cuatrimestres": 10, "alumnosEgre": 1000}}, {"model": "core.carrera", "pk": 2, "fields": {"nombre": "Ingenieria en Biotecnologia", "cuatrimestres": 10, "alumnosEgre": 1000}}, {"model": "core.carrera", "pk": 4, "fields": {"nombre": "Ingenieria Financiera", "cuatrimestres": 10, "alumnosEgre": 1000}}, {"model": "core.academia", "pk": 1, "fields": {"nombre": "ITI"}}, {"model": "core.academia", "pk": 2, "fields": {"nombre": "IBT"}}, {"model": "core.academia", "pk": 3, "fields": {"nombre": "ITA"}}, {"model": "core.academia", "pk": 4, "fields": {"nombre": "LAE"}}, {"model": "core.alumno", "pk": "BMEO210148", "fields": {"nombres": "Evelyn Roc?o", "apellidoP": "Bueno", "apellidoM": "Mart?nez", "fechaNac": "2003-10-14", "genero": "F", "carrera": 1, "correo": "bmeo210148@upemor.edu.mx", "contrasenia": "BMEO210148", "estado": true, "rango": "Alumno", "cbiometrico": "111111111", "foto": ""}}, {"model": "core.alumno", "pk": "CMMO211923", "fields": {"nombres": "Miguel", "apellidoP": "Castillo", "apellidoM": "Medran", "fechaNac": "2002-05-05", "genero": "M", "carrera": 2, "correo": "cmmo211923@upemor.edu.mx", "contrasenia": "CMMO211923", "estado": true, "rango": "Alumno", "cbiometrico": "222222", "foto": ""}}, {"model": "core.alumno", "pk": "RSCO220050", "fields": {"nombres": "Carlos Joan", "apellidoP": "Rosas", "apellidoM": "Sanchez", "fechaNac": "2004-06-21", "genero": "M", "carrera": 1, "correo": "rsco220050@upemor.edu.mx", "contrasenia": "ROSCOP1311", "estado": true, "rango": "Alumno", "cbiometrico": "12356", "foto": ""}}, {"model": "core.foto", "pk": 1, "fields": {"alumno": "BMEO210148", "imagen": "alumnos_fotos/BMEO210148/BMEO210148.jpg", "fecha_subida": "2024-11-27T12:17:32.362Z"}}, {"model": "core.foto", "pk": 24, "fields": {"alumno": "RSCO220050", "imagen": "alumnos_fotos/RSCO220050/RSCO220050.jpg", "fecha_subida": "2024-11-29T17:12:39.878Z"}}, {"model": "core.foto", "pk": 25, "fields": {"alumno": "RSCO220050", "imagen": "alumnos_fotos/RSCO220050/RSCO220050_yzlKiV0.jpg", "fecha_subida": "2024-11-29T17:12:39.904Z"}}, {"model": "core.foto", "pk": 26, "fields": {"alumno": "RSCO220050", "imagen": "alumnos_fotos/RSCO220050/RSCO220050_2MfjQ47.jpg", "fecha_subida": "2024-11-29T17:12:39.924Z"}}, {"model": "core.foto", "pk": 27, "fields": {"alumno": "RSCO220050", "imagen": "alumnos_fotos/RSCO220050/RSCO220050_glph9py.jpg", "fecha_subida": "2024-11-29T17:12:39.945Z"}}, {"model": "core.foto", "pk": 28, "fields": {"alumno": "RSCO220050", "imagen": "alumnos_fotos/RSCO220050/RSCO220050_GD5mSAZ.jpg", "fecha_subida": "2024-11-29T17:12:39.967Z"}}, {"model": "core.foto", "pk": 29, "fields": {"alumno": "RSCO220050", "imagen": "alumnos_fotos/RSCO220050/RSCO220050_JpgpXIc.jpg", "fecha_subida": "2024-11-29T17:12:39.988Z"}}, {"model": "core.foto", "pk": 30, "fields": {"alumno": "RSCO220050", "imagen": "alumnos_fotos/RSCO220050/RSCO220050_Zubleap.jpg", "fecha_subida": "2024-11-29T17:12:40.007Z"}}, {"model": "core.foto", "pk": 31, "fields": {"alumno": "RSCO220050", "imagen": "alumnos_fotos/RSCO220050/RSCO220050_WuqoL7h.jpg", "fecha_subida": "2024-11-29T17:12:40.028Z"}}, {"model": "core.foto", "pk": 32, "fields": {"alumno": "RSCO220050", "imagen": "alumnos_fotos/RSCO220050/RSCO220050_2wYCJRL.jpg", "fecha_subida": "2024-11-29T17:12:40.048Z"}}, {"model": "core.foto", "pk": 33, "fields": {"alumno": "RSCO220050", "imagen": "alumnos_fotos/RSCO220050/RSCO220050_ElplZcM.jpg", "fecha_subida": "2024-11-29T17:12:40.067Z"}}, {"model": "core.foto", "pk": 34, "fields": {"alumno": "RSCO220050", "imagen": "alumnos_fotos/RSCO220050/RSCO220050_bWoLegN.jpg", "fecha_subida": "2024-11-29T17:12:40.087Z"}}, {"model": "core.foto", "pk": 35, "fields": {"alumno": "RSCO220050", "imagen": "alumnos_fotos/RSCO220050/RSCO220050_z26BzaH.jpg", "fecha_subida": "2024-11-29T17:12:40.110Z"}}, {"model": "core.foto", "pk": 36, "fields": {"alumno": "RSCO220050", "imagen": "alumnos_fotos/RSCO220050/RSCO220050_8FZsOYP.jpg", "fecha_subida": "2024-11-29T17:12:40.130Z"}}, {"model": "core.foto", "pk": 37, "fields": {"alumno": "RSCO220050", "imagen": "alumnos_fotos/RSCO220050/RSCO220050_ONqncWU.jpg", "fecha_subida": "2024-11-29T17:12:40.150Z"}}, {"model": "core.foto", "pk": 38, "fields": {"alumno": "RSCO220050", "imagen": "alumnos_fotos/RSCO220050/RSCO220050_zpHk6bB.jpg", "fecha_subida": "2024-11-29T17:12:40.169Z"}}, {"model": "core.foto", "pk": 39, "fields": {"alumno": "RSCO220050", "imagen": "alumnos_fotos/RSCO220050/RSCO220050_tmBwDex.jpg", "fecha_subida": "2024-11-29T17:12:40.189Z"}}, {"model": "core.foto", "pk": 40, "fields": {"alumno": "RSCO220050", "imagen": "alumnos_fotos/RSCO220050/RSCO220050_ZQSDm0K.jpg", "fecha_subida": "2024-11-29T17:12:40.210Z"}}, {"model": "core.foto", "pk": 41, "fields": {"alumno": "RSCO220050", "imagen": "alumnos_fotos/RSCO220050/RSCO220050_XZ9G0rb.jpg", "fecha_subida": "2024-11-29T17:12:40.231Z"}}, {"model": "core.foto", "pk": 42, "fields": {"alumno": "RSCO220050", "imagen": "alumnos_fotos/RSCO220050/RSCO220050_lMb1xiW.jpg", "fecha_subida": "2024-11-29T17:12:40.251Z"}}, {"model": "core.foto", "pk": 43, "fields": {"alumno": "RSCO220050", "imagen": "alumnos_fotos/RSCO220050/RSCO220050_ZQ3lynq.jpg", "fecha_subida": "2024-11-29T17:12:40.270Z"}}, {"model": "core.foto", "pk": 44, "fields": {"alumno": "RSCO220050", "imagen": "alumnos_fotos/RSCO220050/RSCO220050_SC3LINi.jpg", "fecha_subida": "2024-11-29T17:12:40.287Z"}}, {"model": "core.foto", "pk": 45, "fields": {"alumno": "RSCO220050", "imagen": "alumnos_fotos/RSCO220050/RSCO220050_swZpbIE.jpg", "fecha_subida": "2024-11-29T17:12:40.306Z"}}, {"model": "core.foto", "pk": 46, "fields": {"alumno": "RSCO220050", "imagen": "alumnos_fotos/RSCO220050/RSCO220050_HsXl2d2.jpg", "fecha_subida": "2024-11-29T17:12:40.326Z"}}, {"model": "core.foto", "pk": 47, "fields": {"alumno": "RSCO220050", "imagen": "alumnos_fotos/RSCO220050/RSCO220050_vLewUeh.jpg", "fecha_subida": "2024-11-29T17:12:40.345Z"}}, {"model": "core.foto", "pk": 48, "fields": {"alumno": "RSCO220050", "imagen": "alumnos_fotos/RSCO220050/RSCO220050_gNnooJj.jpg", "fecha_subida": "2024-11-29T17:12:40.366Z"}}, {"model": "core.foto", "pk": 49, "fields": {"alumno": "RSCO220050", "imagen": "alumnos_fotos/RSCO220050/RSCO220050_LlMpB2Z.jpg", "fecha_subida": "2024-11-29T17:12:40.386Z"}}, {"model": "core.foto", "pk": 50, "fields": {"alumno": "RSCO220050", "imagen": "alumnos_fotos/RSCO220050/RSCO220050_53JrvmE.jpg", "fecha_subida": "2024-11-29T17:12:40.405Z"}}, {"model": "core.foto", "pk": 51, "fields": {"alumno": "RSCO220050", "imagen": "alumnos_fotos/RSCO220050/RSCO220050_I7xbYK6.jpg", "fecha_subida": "2024-11-29T17:12:40.423Z"}}, {"model": "core.foto", "pk": 52, "fields": {"alumno": "RSCO220050", "imagen": "alumnos_fotos/RSCO220050/RSCO220050_CblvgE7.jpg", "fecha_subida": "2024-11-29T17:12:40.441Z"}}, {"model": "core.foto", "pk": 53, "fields": {"alumno": "RSCO220050", "imagen": "alumnos_fotos/RSCO220050/RSCO220050_tQykjas.jpg", "fecha_subida": "2024-11-29T17:12:40.460Z"}}, {"model": "core.foto", "pk": 54, "fields": {"alumno": "RSCO220050", "imagen": "alumnos_fotos/RSCO220050/RSCO220050_TYohSV1.jpg", "fecha_subida": "2024-11-29T17:12:40.479Z"}}, {"model": "core.foto", "pk": 55, "fields": {"alumno": "RSCO220050", "imagen": "alumnos_fotos/RSCO220050/RSCO220050_5p8FBdh.jpg", "fecha_subida": "2024-11-29T17:12:40.499Z"}}, {"model": "core.foto", "pk": 56, "fields": {"alumno": "RSCO220050", "imagen": "alumnos_fotos/RSCO220050/RSCO220050_BIwJwBX.jpg", "fecha_subida": "2024-11-29T17:12:40.522Z"}}, {"model": "core.foto", "pk": 57, "fields": {"alumno": "RSCO220050", "imagen": "alumnos_fotos/RSCO220050/RSCO220050_VU0i1u9.jpg", "fecha_subida": "2024-11-29T17:12:40.548Z"}}, {"model": "core.foto", "pk": 58, "fields": {"alumno": "RSCO220050", "imagen": "alumnos_fotos/RSCO220050/RSCO220050_feBaYqF.jpg", "fecha_subida": "2024-11-29T17:12:40.569Z"}}, {"model": "core.foto", "pk": 59, "fields": {"alumno": "RSCO220050", "imagen": "alumnos_fotos/RSCO220050/RSCO220050_BMKW6h0.jpg", "fecha_subida": "2024-11-29T17:12:40.590Z"}}, {"model": "core.foto", "pk": 60, "fields": {"alumno": "RSCO220050", "imagen": "alumnos_fotos/RSCO220050/RSCO220050_n0YG6id.jpg", "fecha_subida": "2024-11-29T17:12:40.616Z"}}, {"model": "core.foto", "pk": 61, "fields": {"alumno": "RSCO220050", "imagen": "alumnos_fotos/RSCO220050/RSCO220050_hMe34fv.jpg", "fecha_subida": "2024-11-29T17:12:40.639Z"}}, {"model": "core.foto", "pk": 62, "fields": {"alumno": "RSCO220050", "imagen": "alumnos_fotos/RSCO220050/RSCO220050_c2z4vYC.jpg", "fecha_subida": "2024-11-29T17:12:40.661Z"}}, {"model": "core.foto", "pk": 63, "fields": {"alumno": "RSCO220050", "imagen": "alumnos_fotos/RSCO220050/RSCO220050_C3hsiWc.jpg", "fecha_subida": "2024-11-29T17:12:40.683Z"}}, {"model": "core.foto", "pk": 64, "fields": {"alumno": "RSCO220050", "imagen": "alumnos_fotos/RSCO220050/RSCO220050_IUDKOBQ.jpg", "fecha_subida": "2024-11-29T17:12:40.703Z"}}, {"model": "core.profesor", "pk": "GTAO220386", "fields": {"nombres": "Anayeli", "apellidoP": "Guzm?n", "apellidoM": "Trinidad", "fechaNac": "2004-02-13", "genero": "F", "grado": "Doctor", "academia": 1, "correo": "gtao220386@upemor.edu.mx", "contrasenia": "GTAO220386", "estado": true, "rango": "Profesor"}}, {"model": "core.profesor", "pk": "VOGO220141", "fields": {"nombres": "Giovanni Daniel", "apellidoP": "Vicera", "apellidoM": "Ortega", "fechaNac": "2004-06-24", "genero": "M", "grado": "Doctor", "academia": 2, "correo": "vogo220141@upemor.edu.mx", "contrasenia": "VOGO220141", "estado": false, "rango": "Profesor"}}, {"model": "core.administrador", "pk": "AFSO221159", "fields": {"nombres": "Sandra Yareli", "apellidoP": "Avila", "apellidoM": "Flores", "fechaNac": "2004-12-18", "estado": true, "genero": "F", "correo": "afso221159@upemor.edu.mx", "contrasenia": "AFSO221159", "rango": "Administrador"}}, {"model": "core.periodo", "pk": 1, "fields": {"nombre": "Oto?o", "inicial": "O", "anio": 2024}}, {"model": "core.periodo", "pk": 2, "fields": {"nombre": "Primavera", "inicial": "P", "anio": 2024}}, {"model": "core.periodo", "pk": 3, "fields": {"nombre": "Verano", "inicial": "V", "anio": 2024}}, {"model": "core.materia", "pk": "BIP", "fields": {"nombre": "Bioprocesos", "creditos": 10, "eje": "Ingenieria", "carrera": 1, "periodo": 3}}, {"model": "core.materia", "pk": "PRW", "fields": {"nombre": "Programacion Web", "creditos": 10, "eje": "Programacion", "carrera": 1, "periodo": 1}}, {"model": "core.clase", "pk": "ESD", "fields": {"grado": 4, "grupo": "A", "anio": 2023, "profesor": "GTAO220386", "carrera": 2, "periodo": 1, "materia": "BIP"}}, {"model": "core.clase", "pk": "POO", "fields": {"grado": 5, "grupo": "F", "anio": 2024, "profesor": "GTAO220386", "carrera": 1, "periodo": 1, "materia": "PRW"}}, {"model": "core.clase", "pk": "PRD", "fields": {"grado": 7, "grupo": "C", "anio": 2024, "profesor": "GTAO220386", "carrera": 1, "periodo": 1, "materia": "PRW"}}, {"model": "core.listaasistencia", "pk": 1, "fields": {"fecha": "2024-11-24", "promedio": 10.0, "alumno": "BMEO210148"}}, {"model": "core.listaasistencia", "pk": 2, "fields": {"fecha": "2024-11-24", "promedio": 1.0, "alumno": "CMMO211923"}}, {"model": "core.listaasistencia", "pk": 3, "fields": {"fecha": "2024-11-24", "promedio": 1.0, "alumno": "BMEO210148"}}, {"model": "core.justificante", "pk": 2, "fields": {"descripcion": "Enfermedad", "estado": "Pendiente", "alumno": "CMMO211923", "profesor": "VOGO220141"}}, {"model": "core.justificante", "pk": 3, "fields": {"descripcion": "Enfermedad", "estado": "Pendiente", "alumno": "BMEO210148", "profesor": "GTAO220386"}}, {"model": "core.justificante", "pk": 4, "fields": {"descripcion": "Enfermedad", "estado": "Revisado", "alumno": "BMEO210148", "profesor": "GTAO220386"}}, {"model": "core.justificante", "pk": 5, "fields": {"descripcion": "No llegue", "estado": "Pendiente", "alumno": "BMEO210148", "profesor": "GTAO220386"}}, {"model": "core.clasealumno", "pk": 2, "fields": {"clase": "PRD", "alumno": "CMMO211923"}}, {"model": "core.clasealumno", "pk": 3, "fields": {"clase": "POO", "alumno": "BMEO210148"}}, {"model": "core.clasealumno", "pk": 4, "fields": {"clase": "PRD", "alumno": "BMEO210148"}}, {"model": "core.clasealumno", "pk": 5, "fields": {"clase": "POO", "alumno": "RSCO220050"}}, {"model": "core.clasealumno", "pk": 6, "fields": {"clase": "PRD", "alumno": "RSCO220050"}}, {"model": "core.alumnolista", "pk": 2, "fields": {"lista": 2, "clase_alumno": 2, "calificacion": "1"}}, {"model": "core.alumnolista", "pk": 3, "fields": {"lista": 3, "clase_alumno": 3, "calificacion": "1"}}]